[{'idade': 49, 'email': 'yMEpqGsegWXw@4linux.com', 'sexo': '?', 'nome': 'qMHHOwoAaYECgB', 'endereco': 'Rua NIbCtFYJpZtRJg'}, {'idade': 23, 'email': 'mBZWAcaUDCVioOQEdIu@4linux.com', 'sexo': '?', 'nome': 'GJBxVjGYtVEqmRasx', 'endereco': 'Rua VFJGPBuNRnz'}, {'idade': 39, 'email': 'BEjDyrdxPJoniHIDFgZ@4linux.com', 'sexo': '?', 'nome': 'TFeiNzjMuAfyYHksx', 'endereco': 'Rua AEhMBiFAuGgSAiuIyx'}, {'idade': 37, 'email': 'QzqgJRboorIzKjKp@4linux.com', 'sexo': '?', 'nome': 'EguHnoFTrUAuUUoery', 'endereco': 'Rua LgktJSYDjo'}, {'idade': 25, 'email': 'CZBArUyyMa@4linux.com', 'sexo': 'F', 'nome': 'zDjQIfYyTwtzetXMJvDs', 'endereco': 'Rua DEPwqBeLgyylX'}, {'idade': 47, 'email': 'MakWfrgesmuBb@4linux.com', 'sexo': 'F', 'nome': 'FDLtOesbqzdqzGe', 'endereco': 'Rua qVLKGbVYOPRNTdrRYA'}, {'idade': 20, 'email': 'MUvdkHayaYULCTkSDH@4linux.com', 'sexo': 'F', 'nome': 'xrffFndgNldHhb', 'endereco': 'Rua ZwkeJCYdeZgEcX'}, {'idade': 50, 'email': 'ggQNSQvIOmDqZj@4linux.com', 'sexo': 'M', 'nome': 'RyfOocoNhyuEDSN', 'endereco': 'Rua kvvnDojQEMsHMXzc'}, {'idade': 31, 'email': 'ClNJyJMhNfmTvyQxxYvQ@4linux.com', 'sexo': '?', 'nome': 'GAXCbICkOjzNZxU', 'endereco': 'Rua yIParNvhlayIcGup'}, {'idade': 29, 'email': 'EwTJHbRTCrfYF@4linux.com', 'sexo': 'F', 'nome': 'wvaTNhfqPOlnt', 'endereco': 'Rua bGCVdBFXSzcVBeLvKYUZ'}, {'idade': 27, 'email': 'AwDWEkwtZcGgaHlsaW@4linux.com', 'sexo': 'M', 'nome': 'qhDBAYlbwaSMar', 'endereco': 'Rua hVYSkEHTmaBIJG'}, {'idade': 44, 'email': 'wrzgKwORTAnliywEq@4linux.com', 'sexo': 'M', 'nome': 'fAZzfzvEySnSei', 'endereco': 'Rua cSdMqmMvebnTd'}, {'idade': 47, 'email': 'akKkICosKJbUdVcLTCnQ@4linux.com', 'sexo': 'F', 'nome': 'HJBLhUuMHeAogrtbeq', 'endereco': 'Rua IhyoOwKTUCQlBvDuVVYS'}, {'idade': 35, 'email': 'wrCGKAsQRlWLKUSH@4linux.com', 'sexo': '?', 'nome': 'vEeSluRuOmIJTFrgNA', 'endereco': 'Rua ZRfcRxPsJPO'}, {'idade': 23, 'email': 'fnndYbeFLPmhB@4linux.com', 'sexo': '?', 'nome': 'OyehQbxCsnSGPBLcviBs', 'endereco': 'Rua cnquXCCUji'}, {'idade': 30, 'email': 'brPbOrQBWfIBikDA@4linux.com', 'sexo': 'M', 'nome': 'JDZdCgzulyGWW', 'endereco': 'Rua HgtuwqKeMin'}, {'idade': 36, 'email': 'qolygpBXCKEeur@4linux.com', 'sexo': '?', 'nome': 'MoinSGxEySEgrb', 'endereco': 'Rua xoVGMdTrFKHboQRzFd'}, {'idade': 49, 'email': 'doKMuRYdKwolzgkq@4linux.com', 'sexo': 'M', 'nome': 'XStrcVVPyieJJznYZ', 'endereco': 'Rua jeTpYoJAHnSeWAUWG'}, {'idade': 30, 'email': 'WpRAukMAAygh@4linux.com', 'sexo': '?', 'nome': 'uWVZbFSfdE', 'endereco': 'Rua QQvsljaHXnhqjHlg'}, {'idade': 43, 'email': 'SCUVGmVBRpREfAMIleo@4linux.com', 'sexo': '?', 'nome': 'jgVjBVFVVKui', 'endereco': 'Rua ioMd ZJPBgdMUzWsDg'}]
[{'idade': 49, 'email': 'yMEpqGsegWXw@4linux.com', 'sexo': '?', 'nome': 'qMHHOwoAaYECgB', 'endereco': 'Rua NIbCtFYJpZtRJg'}, {'idade': 23, 'email': 'mBZWAcaUDCVioOQEdIu@4linux.com', 'sexo': '?', 'nome': 'GJBxVjGYtVEqmRasx', 'endereco': 'Rua VFJGPBuNRnz'}, {'idade': 39, 'email': 'BEjDyrdxPJoniHIDFgZ@4linux.com', 'sexo': '?', 'nome': 'TFeiNzjMuAfyYHksx', 'endereco': 'Rua AEhMBiFAuGgSAiuIyx'}, {'idade': 37, 'email': 'QzqgJRboorIzKjKp@4linux.com', 'sexo': '?', 'nome': 'EguHnoFTrUAuUUoery', 'endereco': 'Rua LgktJSYDjo'}, {'idade': 25, 'email': 'CZBArUyyMa@4linux.com', 'sexo': 'F', 'nome': 'zDjQIfYyTwtzetXMJvDs', 'endereco': 'Rua DEPwqBeLgyylX'}, {'idade': 47, 'email': 'MakWfrgesmuBb@4linux.com', 'sexo': 'F', 'nome': 'FDLtOesbqzdqzGe', 'endereco': 'Rua qVLKGbVYOPRNTdrRYA'}, {'idade': 20, 'email': 'MUvdkHayaYULCTkSDH@4linux.com', 'sexo': 'F', 'nome': 'xrffFndgNldHhb', 'endereco': 'Rua ZwkeJCYdeZgEcX'}, {'idade': 50, 'email': 'ggQNSQvIOmDqZj@4linux.com', 'sexo': 'M', 'nome': 'RyfOocoNhyuEDSN', 'endereco': 'Rua kvvnDojQEMsHMXzc'}, {'idade': 31, 'email': 'ClNJyJMhNfmTvyQxxYvQ@4linux.com', 'sexo': '?', 'nome': 'GAXCbICkOjzNZxU', 'endereco': 'Rua yIParNvhlayIcGup'}, {'idade': 29, 'email': 'EwTJHbRTCrfYF@4linux.com', 'sexo': 'F', 'nome': 'wvaTNhfqPOlnt', 'endereco': 'Rua bGCVdBFXSzcVBeLvKYUZ'}, {'idade': 27, 'email': 'AwDWEkwtZcGgaHlsaW@4linux.com', 'sexo': 'M', 'nome': 'qhDBAYlbwaSMar', 'endereco': 'Rua hVYSkEHTmaBIJG'}, {'idade': 44, 'email': 'wrzgKwORTAnliywEq@4linux.com', 'sexo': 'M', 'nome': 'fAZzfzvEySnSei', 'endereco': 'Rua cSdMqmMvebnTd'}, {'idade': 47, 'email': 'akKkICosKJbUdVcLTCnQ@4linux.com', 'sexo': 'F', 'nome': 'HJBLhUuMHeAogrtbeq', 'endereco': 'Rua IhyoOwKTUCQlBvDuVVYS'}, {'idade': 35, 'email': 'wrCGKAsQRlWLKUSH@4linux.com', 'sexo': '?', 'nome': 'vEeSluRuOmIJTFrgNA', 'endereco': 'Rua ZRfcRxPsJPO'}, {'idade': 23, 'email': 'fnndYbeFLPmhB@4linux.com', 'sexo': '?', 'nome': 'OyehQbxCsnSGPBLcviBs', 'endereco': 'Rua cnquXCCUji'}, {'idade': 30, 'email': 'brPbOrQBWfIBikDA@4linux.com', 'sexo': 'M', 'nome': 'JDZdCgzulyGWW', 'endereco': 'Rua HgtuwqKeMin'}, {'idade': 36, 'email': 'qolygpBXCKEeur@4linux.com', 'sexo': '?', 'nome': 'MoinSGxEySEgrb', 'endereco': 'Rua xoVGMdTrFKHboQRzFd'}, {'idade': 49, 'email': 'doKMuRYdKwolzgkq@4linux.com', 'sexo': 'M', 'nome': 'XStrcVVPyieJJznYZ', 'endereco': 'Rua jeTpYoJAHnSeWAUWG'}, {'idade': 30, 'email': 'WpRAukMAAygh@4linux.com', 'sexo': '?', 'nome': 'uWVZbFSfdE', 'endereco': 'Rua QQvsljaHXnhqjHlg'}, {'idade': 43, 'email': 'SCUVGmVBRpREfAMIleo@4linux.com', 'sexo': '?', 'nome': 'jgVjBVFVVKui', 'endereco': 'Rua ioMd ZJPBgdMUzWsDg'}]
[{'idade': 49, 'email': 'yMEpqGsegWXw@4linux.com', 'sexo': '?', 'nome': 'qMHHOwoAaYECgB', 'endereco': 'Rua NIbCtFYJpZtRJg'}, {'idade': 23, 'email': 'mBZWAcaUDCVioOQEdIu@4linux.com', 'sexo': '?', 'nome': 'GJBxVjGYtVEqmRasx', 'endereco': 'Rua VFJGPBuNRnz'}, {'idade': 39, 'email': 'BEjDyrdxPJoniHIDFgZ@4linux.com', 'sexo': '?', 'nome': 'TFeiNzjMuAfyYHksx', 'endereco': 'Rua AEhMBiFAuGgSAiuIyx'}, {'idade': 37, 'email': 'QzqgJRboorIzKjKp@4linux.com', 'sexo': '?', 'nome': 'EguHnoFTrUAuUUoery', 'endereco': 'Rua LgktJSYDjo'}, {'idade': 25, 'email': 'CZBArUyyMa@4linux.com', 'sexo': 'F', 'nome': 'zDjQIfYyTwtzetXMJvDs', 'endereco': 'Rua DEPwqBeLgyylX'}, {'idade': 47, 'email': 'MakWfrgesmuBb@4linux.com', 'sexo': 'F', 'nome': 'FDLtOesbqzdqzGe', 'endereco': 'Rua qVLKGbVYOPRNTdrRYA'}, {'idade': 20, 'email': 'MUvdkHayaYULCTkSDH@4linux.com', 'sexo': 'F', 'nome': 'xrffFndgNldHhb', 'endereco': 'Rua ZwkeJCYdeZgEcX'}, {'idade': 50, 'email': 'ggQNSQvIOmDqZj@4linux.com', 'sexo': 'M', 'nome': 'RyfOocoNhyuEDSN', 'endereco': 'Rua kvvnDojQEMsHMXzc'}, {'idade': 31, 'email': 'ClNJyJMhNfmTvyQxxYvQ@4linux.com', 'sexo': '?', 'nome': 'GAXCbICkOjzNZxU', 'endereco': 'Rua yIParNvhlayIcGup'}, {'idade': 29, 'email': 'EwTJHbRTCrfYF@4linux.com', 'sexo': 'F', 'nome': 'wvaTNhfqPOlnt', 'endereco': 'Rua bGCVdBFXSzcVBeLvKYUZ'}, {'idade': 27, 'email': 'AwDWEkwtZcGgaHlsaW@4linux.com', 'sexo': 'M', 'nome': 'qhDBAYlbwaSMar', 'endereco': 'Rua hVYSkEHTmaBIJG'}, {'idade': 44, 'email': 'wrzgKwORTAnliywEq@4linux.com', 'sexo': 'M', 'nome': 'fAZzfzvEySnSei', 'endereco': 'Rua cSdMqmMvebnTd'}, {'idade': 47, 'email': 'akKkICosKJbUdVcLTCnQ@4linux.com', 'sexo': 'F', 'nome': 'HJBLhUuMHeAogrtbeq', 'endereco': 'Rua IhyoOwKTUCQlBvDuVVYS'}, {'idade': 35, 'email': 'wrCGKAsQRlWLKUSH@4linux.com', 'sexo': '?', 'nome': 'vEeSluRuOmIJTFrgNA', 'endereco': 'Rua ZRfcRxPsJPO'}, {'idade': 23, 'email': 'fnndYbeFLPmhB@4linux.com', 'sexo': '?', 'nome': 'OyehQbxCsnSGPBLcviBs', 'endereco': 'Rua cnquXCCUji'}, {'idade': 30, 'email': 'brPbOrQBWfIBikDA@4linux.com', 'sexo': 'M', 'nome': 'JDZdCgzulyGWW', 'endereco': 'Rua HgtuwqKeMin'}, {'idade': 36, 'email': 'qolygpBXCKEeur@4linux.com', 'sexo': '?', 'nome': 'MoinSGxEySEgrb', 'endereco': 'Rua xoVGMdTrFKHboQRzFd'}, {'idade': 49, 'email': 'doKMuRYdKwolzgkq@4linux.com', 'sexo': 'M', 'nome': 'XStrcVVPyieJJznYZ', 'endereco': 'Rua jeTpYoJAHnSeWAUWG'}, {'idade': 30, 'email': 'WpRAukMAAygh@4linux.com', 'sexo': '?', 'nome': 'uWVZbFSfdE', 'endereco': 'Rua QQvsljaHXnhqjHlg'}, {'idade': 43, 'email': 'SCUVGmVBRpREfAMIleo@4linux.com', 'sexo': '?', 'nome': 'jgVjBVFVVKui', 'endereco': 'Rua ioMd ZJPBgdMUzWsDg'}]
[{'idade': 49, 'email': 'yMEpqGsegWXw@4linux.com', 'sexo': '?', 'nome': 'qMHHOwoAaYECgB', 'endereco': 'Rua NIbCtFYJpZtRJg'}, {'idade': 23, 'email': 'mBZWAcaUDCVioOQEdIu@4linux.com', 'sexo': '?', 'nome': 'GJBxVjGYtVEqmRasx', 'endereco': 'Rua VFJGPBuNRnz'}, {'idade': 39, 'email': 'BEjDyrdxPJoniHIDFgZ@4linux.com', 'sexo': '?', 'nome': 'TFeiNzjMuAfyYHksx', 'endereco': 'Rua AEhMBiFAuGgSAiuIyx'}, {'idade': 37, 'email': 'QzqgJRboorIzKjKp@4linux.com', 'sexo': '?', 'nome': 'EguHnoFTrUAuUUoery', 'endereco': 'Rua LgktJSYDjo'}, {'idade': 25, 'email': 'CZBArUyyMa@4linux.com', 'sexo': 'F', 'nome': 'zDjQIfYyTwtzetXMJvDs', 'endereco': 'Rua DEPwqBeLgyylX'}, {'idade': 47, 'email': 'MakWfrgesmuBb@4linux.com', 'sexo': 'F', 'nome': 'FDLtOesbqzdqzGe', 'endereco': 'Rua qVLKGbVYOPRNTdrRYA'}, {'idade': 20, 'email': 'MUvdkHayaYULCTkSDH@4linux.com', 'sexo': 'F', 'nome': 'xrffFndgNldHhb', 'endereco': 'Rua ZwkeJCYdeZgEcX'}, {'idade': 50, 'email': 'ggQNSQvIOmDqZj@4linux.com', 'sexo': 'M', 'nome': 'RyfOocoNhyuEDSN', 'endereco': 'Rua kvvnDojQEMsHMXzc'}, {'idade': 31, 'email': 'ClNJyJMhNfmTvyQxxYvQ@4linux.com', 'sexo': '?', 'nome': 'GAXCbICkOjzNZxU', 'endereco': 'Rua yIParNvhlayIcGup'}, {'idade': 29, 'email': 'EwTJHbRTCrfYF@4linux.com', 'sexo': 'F', 'nome': 'wvaTNhfqPOlnt', 'endereco': 'Rua bGCVdBFXSzcVBeLvKYUZ'}, {'idade': 27, 'email': 'AwDWEkwtZcGgaHlsaW@4linux.com', 'sexo': 'M', 'nome': 'qhDBAYlbwaSMar', 'endereco': 'Rua hVYSkEHTmaBIJG'}, {'idade': 44, 'email': 'wrzgKwORTAnliywEq@4linux.com', 'sexo': 'M', 'nome': 'fAZzfzvEySnSei', 'endereco': 'Rua cSdMqmMvebnTd'}, {'idade': 47, 'email': 'akKkICosKJbUdVcLTCnQ@4linux.com', 'sexo': 'F', 'nome': 'HJBLhUuMHeAogrtbeq', 'endereco': 'Rua IhyoOwKTUCQlBvDuVVYS'}, {'idade': 35, 'email': 'wrCGKAsQRlWLKUSH@4linux.com', 'sexo': '?', 'nome': 'vEeSluRuOmIJTFrgNA', 'endereco': 'Rua ZRfcRxPsJPO'}, {'idade': 23, 'email': 'fnndYbeFLPmhB@4linux.com', 'sexo': '?', 'nome': 'OyehQbxCsnSGPBLcviBs', 'endereco': 'Rua cnquXCCUji'}, {'idade': 30, 'email': 'brPbOrQBWfIBikDA@4linux.com', 'sexo': 'M', 'nome': 'JDZdCgzulyGWW', 'endereco': 'Rua HgtuwqKeMin'}, {'idade': 36, 'email': 'qolygpBXCKEeur@4linux.com', 'sexo': '?', 'nome': 'MoinSGxEySEgrb', 'endereco': 'Rua xoVGMdTrFKHboQRzFd'}, {'idade': 49, 'email': 'doKMuRYdKwolzgkq@4linux.com', 'sexo': 'M', 'nome': 'XStrcVVPyieJJznYZ', 'endereco': 'Rua jeTpYoJAHnSeWAUWG'}, {'idade': 30, 'email': 'WpRAukMAAygh@4linux.com', 'sexo': '?', 'nome': 'uWVZbFSfdE', 'endereco': 'Rua QQvsljaHXnhqjHlg'}, {'idade': 43, 'email': 'SCUVGmVBRpREfAMIleo@4linux.com', 'sexo': '?', 'nome': 'jgVjBVFVVKui', 'endereco': 'Rua ioMd ZJPBgdMUzWsDg'}]
[{'idade': 49, 'email': 'yMEpqGsegWXw@4linux.com', 'sexo': '?', 'nome': 'qMHHOwoAaYECgB', 'endereco': 'Rua NIbCtFYJpZtRJg'}, {'idade': 23, 'email': 'mBZWAcaUDCVioOQEdIu@4linux.com', 'sexo': '?', 'nome': 'GJBxVjGYtVEqmRasx', 'endereco': 'Rua VFJGPBuNRnz'}, {'idade': 39, 'email': 'BEjDyrdxPJoniHIDFgZ@4linux.com', 'sexo': '?', 'nome': 'TFeiNzjMuAfyYHksx', 'endereco': 'Rua AEhMBiFAuGgSAiuIyx'}, {'idade': 37, 'email': 'QzqgJRboorIzKjKp@4linux.com', 'sexo': '?', 'nome': 'EguHnoFTrUAuUUoery', 'endereco': 'Rua LgktJSYDjo'}, {'idade': 25, 'email': 'CZBArUyyMa@4linux.com', 'sexo': 'F', 'nome': 'zDjQIfYyTwtzetXMJvDs', 'endereco': 'Rua DEPwqBeLgyylX'}, {'idade': 47, 'email': 'MakWfrgesmuBb@4linux.com', 'sexo': 'F', 'nome': 'FDLtOesbqzdqzGe', 'endereco': 'Rua qVLKGbVYOPRNTdrRYA'}, {'idade': 20, 'email': 'MUvdkHayaYULCTkSDH@4linux.com', 'sexo': 'F', 'nome': 'xrffFndgNldHhb', 'endereco': 'Rua ZwkeJCYdeZgEcX'}, {'idade': 50, 'email': 'ggQNSQvIOmDqZj@4linux.com', 'sexo': 'M', 'nome': 'RyfOocoNhyuEDSN', 'endereco': 'Rua kvvnDojQEMsHMXzc'}, {'idade': 31, 'email': 'ClNJyJMhNfmTvyQxxYvQ@4linux.com', 'sexo': '?', 'nome': 'GAXCbICkOjzNZxU', 'endereco': 'Rua yIParNvhlayIcGup'}, {'idade': 29, 'email': 'EwTJHbRTCrfYF@4linux.com', 'sexo': 'F', 'nome': 'wvaTNhfqPOlnt', 'endereco': 'Rua bGCVdBFXSzcVBeLvKYUZ'}, {'idade': 27, 'email': 'AwDWEkwtZcGgaHlsaW@4linux.com', 'sexo': 'M', 'nome': 'qhDBAYlbwaSMar', 'endereco': 'Rua hVYSkEHTmaBIJG'}, {'idade': 44, 'email': 'wrzgKwORTAnliywEq@4linux.com', 'sexo': 'M', 'nome': 'fAZzfzvEySnSei', 'endereco': 'Rua cSdMqmMvebnTd'}, {'idade': 47, 'email': 'akKkICosKJbUdVcLTCnQ@4linux.com', 'sexo': 'F', 'nome': 'HJBLhUuMHeAogrtbeq', 'endereco': 'Rua IhyoOwKTUCQlBvDuVVYS'}, {'idade': 35, 'email': 'wrCGKAsQRlWLKUSH@4linux.com', 'sexo': '?', 'nome': 'vEeSluRuOmIJTFrgNA', 'endereco': 'Rua ZRfcRxPsJPO'}, {'idade': 23, 'email': 'fnndYbeFLPmhB@4linux.com', 'sexo': '?', 'nome': 'OyehQbxCsnSGPBLcviBs', 'endereco': 'Rua cnquXCCUji'}, {'idade': 30, 'email': 'brPbOrQBWfIBikDA@4linux.com', 'sexo': 'M', 'nome': 'JDZdCgzulyGWW', 'endereco': 'Rua HgtuwqKeMin'}, {'idade': 36, 'email': 'qolygpBXCKEeur@4linux.com', 'sexo': '?', 'nome': 'MoinSGxEySEgrb', 'endereco': 'Rua xoVGMdTrFKHboQRzFd'}, {'idade': 49, 'email': 'doKMuRYdKwolzgkq@4linux.com', 'sexo': 'M', 'nome': 'XStrcVVPyieJJznYZ', 'endereco': 'Rua jeTpYoJAHnSeWAUWG'}, {'idade': 30, 'email': 'WpRAukMAAygh@4linux.com', 'sexo': '?', 'nome': 'uWVZbFSfdE', 'endereco': 'Rua QQvsljaHXnhqjHlg'}, {'idade': 43, 'email': 'SCUVGmVBRpREfAMIleo@4linux.com', 'sexo': '?', 'nome': 'jgVjBVFVVKui', 'endereco': 'Rua ioMd ZJPBgdMUzWsDg'}]
[{'idade': 49, 'email': 'yMEpqGsegWXw@4linux.com', 'sexo': '?', 'nome': 'qMHHOwoAaYECgB', 'endereco': 'Rua NIbCtFYJpZtRJg'}, {'idade': 23, 'email': 'mBZWAcaUDCVioOQEdIu@4linux.com', 'sexo': '?', 'nome': 'GJBxVjGYtVEqmRasx', 'endereco': 'Rua VFJGPBuNRnz'}, {'idade': 39, 'email': 'BEjDyrdxPJoniHIDFgZ@4linux.com', 'sexo': '?', 'nome': 'TFeiNzjMuAfyYHksx', 'endereco': 'Rua AEhMBiFAuGgSAiuIyx'}, {'idade': 37, 'email': 'QzqgJRboorIzKjKp@4linux.com', 'sexo': '?', 'nome': 'EguHnoFTrUAuUUoery', 'endereco': 'Rua LgktJSYDjo'}, {'idade': 25, 'email': 'CZBArUyyMa@4linux.com', 'sexo': 'F', 'nome': 'zDjQIfYyTwtzetXMJvDs', 'endereco': 'Rua DEPwqBeLgyylX'}, {'idade': 47, 'email': 'MakWfrgesmuBb@4linux.com', 'sexo': 'F', 'nome': 'FDLtOesbqzdqzGe', 'endereco': 'Rua qVLKGbVYOPRNTdrRYA'}, {'idade': 20, 'email': 'MUvdkHayaYULCTkSDH@4linux.com', 'sexo': 'F', 'nome': 'xrffFndgNldHhb', 'endereco': 'Rua ZwkeJCYdeZgEcX'}, {'idade': 50, 'email': 'ggQNSQvIOmDqZj@4linux.com', 'sexo': 'M', 'nome': 'RyfOocoNhyuEDSN', 'endereco': 'Rua kvvnDojQEMsHMXzc'}, {'idade': 31, 'email': 'ClNJyJMhNfmTvyQxxYvQ@4linux.com', 'sexo': '?', 'nome': 'GAXCbICkOjzNZxU', 'endereco': 'Rua yIParNvhlayIcGup'}, {'idade': 29, 'email': 'EwTJHbRTCrfYF@4linux.com', 'sexo': 'F', 'nome': 'wvaTNhfqPOlnt', 'endereco': 'Rua bGCVdBFXSzcVBeLvKYUZ'}, {'idade': 27, 'email': 'AwDWEkwtZcGgaHlsaW@4linux.com', 'sexo': 'M', 'nome': 'qhDBAYlbwaSMar', 'endereco': 'Rua hVYSkEHTmaBIJG'}, {'idade': 44, 'email': 'wrzgKwORTAnliywEq@4linux.com', 'sexo': 'M', 'nome': 'fAZzfzvEySnSei', 'endereco': 'Rua cSdMqmMvebnTd'}, {'idade': 47, 'email': 'akKkICosKJbUdVcLTCnQ@4linux.com', 'sexo': 'F', 'nome': 'HJBLhUuMHeAogrtbeq', 'endereco': 'Rua IhyoOwKTUCQlBvDuVVYS'}, {'idade': 35, 'email': 'wrCGKAsQRlWLKUSH@4linux.com', 'sexo': '?', 'nome': 'vEeSluRuOmIJTFrgNA', 'endereco': 'Rua ZRfcRxPsJPO'}, {'idade': 23, 'email': 'fnndYbeFLPmhB@4linux.com', 'sexo': '?', 'nome': 'OyehQbxCsnSGPBLcviBs', 'endereco': 'Rua cnquXCCUji'}, {'idade': 30, 'email': 'brPbOrQBWfIBikDA@4linux.com', 'sexo': 'M', 'nome': 'JDZdCgzulyGWW', 'endereco': 'Rua HgtuwqKeMin'}, {'idade': 36, 'email': 'qolygpBXCKEeur@4linux.com', 'sexo': '?', 'nome': 'MoinSGxEySEgrb', 'endereco': 'Rua xoVGMdTrFKHboQRzFd'}, {'idade': 49, 'email': 'doKMuRYdKwolzgkq@4linux.com', 'sexo': 'M', 'nome': 'XStrcVVPyieJJznYZ', 'endereco': 'Rua jeTpYoJAHnSeWAUWG'}, {'idade': 30, 'email': 'WpRAukMAAygh@4linux.com', 'sexo': '?', 'nome': 'uWVZbFSfdE', 'endereco': 'Rua QQvsljaHXnhqjHlg'}, {'idade': 43, 'email': 'SCUVGmVBRpREfAMIleo@4linux.com', 'sexo': '?', 'nome': 'jgVjBVFVVKui', 'endereco': 'Rua ioMd ZJPBgdMUzWsDg'}]
[{'idade': 49, 'email': 'yMEpqGsegWXw@4linux.com', 'sexo': '?', 'nome': 'qMHHOwoAaYECgB', 'endereco': 'Rua NIbCtFYJpZtRJg'}, {'idade': 23, 'email': 'mBZWAcaUDCVioOQEdIu@4linux.com', 'sexo': '?', 'nome': 'GJBxVjGYtVEqmRasx', 'endereco': 'Rua VFJGPBuNRnz'}, {'idade': 39, 'email': 'BEjDyrdxPJoniHIDFgZ@4linux.com', 'sexo': '?', 'nome': 'TFeiNzjMuAfyYHksx', 'endereco': 'Rua AEhMBiFAuGgSAiuIyx'}, {'idade': 37, 'email': 'QzqgJRboorIzKjKp@4linux.com', 'sexo': '?', 'nome': 'EguHnoFTrUAuUUoery', 'endereco': 'Rua LgktJSYDjo'}, {'idade': 25, 'email': 'CZBArUyyMa@4linux.com', 'sexo': 'F', 'nome': 'zDjQIfYyTwtzetXMJvDs', 'endereco': 'Rua DEPwqBeLgyylX'}, {'idade': 47, 'email': 'MakWfrgesmuBb@4linux.com', 'sexo': 'F', 'nome': 'FDLtOesbqzdqzGe', 'endereco': 'Rua qVLKGbVYOPRNTdrRYA'}, {'idade': 20, 'email': 'MUvdkHayaYULCTkSDH@4linux.com', 'sexo': 'F', 'nome': 'xrffFndgNldHhb', 'endereco': 'Rua ZwkeJCYdeZgEcX'}, {'idade': 50, 'email': 'ggQNSQvIOmDqZj@4linux.com', 'sexo': 'M', 'nome': 'RyfOocoNhyuEDSN', 'endereco': 'Rua kvvnDojQEMsHMXzc'}, {'idade': 31, 'email': 'ClNJyJMhNfmTvyQxxYvQ@4linux.com', 'sexo': '?', 'nome': 'GAXCbICkOjzNZxU', 'endereco': 'Rua yIParNvhlayIcGup'}, {'idade': 29, 'email': 'EwTJHbRTCrfYF@4linux.com', 'sexo': 'F', 'nome': 'wvaTNhfqPOlnt', 'endereco': 'Rua bGCVdBFXSzcVBeLvKYUZ'}, {'idade': 27, 'email': 'AwDWEkwtZcGgaHlsaW@4linux.com', 'sexo': 'M', 'nome': 'qhDBAYlbwaSMar', 'endereco': 'Rua hVYSkEHTmaBIJG'}, {'idade': 44, 'email': 'wrzgKwORTAnliywEq@4linux.com', 'sexo': 'M', 'nome': 'fAZzfzvEySnSei', 'endereco': 'Rua cSdMqmMvebnTd'}, {'idade': 47, 'email': 'akKkICosKJbUdVcLTCnQ@4linux.com', 'sexo': 'F', 'nome': 'HJBLhUuMHeAogrtbeq', 'endereco': 'Rua IhyoOwKTUCQlBvDuVVYS'}, {'idade': 35, 'email': 'wrCGKAsQRlWLKUSH@4linux.com', 'sexo': '?', 'nome': 'vEeSluRuOmIJTFrgNA', 'endereco': 'Rua ZRfcRxPsJPO'}, {'idade': 23, 'email': 'fnndYbeFLPmhB@4linux.com', 'sexo': '?', 'nome': 'OyehQbxCsnSGPBLcviBs', 'endereco': 'Rua cnquXCCUji'}, {'idade': 30, 'email': 'brPbOrQBWfIBikDA@4linux.com', 'sexo': 'M', 'nome': 'JDZdCgzulyGWW', 'endereco': 'Rua HgtuwqKeMin'}, {'idade': 36, 'email': 'qolygpBXCKEeur@4linux.com', 'sexo': '?', 'nome': 'MoinSGxEySEgrb', 'endereco': 'Rua xoVGMdTrFKHboQRzFd'}, {'idade': 49, 'email': 'doKMuRYdKwolzgkq@4linux.com', 'sexo': 'M', 'nome': 'XStrcVVPyieJJznYZ', 'endereco': 'Rua jeTpYoJAHnSeWAUWG'}, {'idade': 30, 'email': 'WpRAukMAAygh@4linux.com', 'sexo': '?', 'nome': 'uWVZbFSfdE', 'endereco': 'Rua QQvsljaHXnhqjHlg'}, {'idade': 43, 'email': 'SCUVGmVBRpREfAMIleo@4linux.com', 'sexo': '?', 'nome': 'jgVjBVFVVKui', 'endereco': 'Rua ioMd ZJPBgdMUzWsDg'}]
[{'idade': 49, 'email': 'yMEpqGsegWXw@4linux.com', 'sexo': '?', 'nome': 'qMHHOwoAaYECgB', 'endereco': 'Rua NIbCtFYJpZtRJg'}, {'idade': 23, 'email': 'mBZWAcaUDCVioOQEdIu@4linux.com', 'sexo': '?', 'nome': 'GJBxVjGYtVEqmRasx', 'endereco': 'Rua VFJGPBuNRnz'}, {'idade': 39, 'email': 'BEjDyrdxPJoniHIDFgZ@4linux.com', 'sexo': '?', 'nome': 'TFeiNzjMuAfyYHksx', 'endereco': 'Rua AEhMBiFAuGgSAiuIyx'}, {'idade': 37, 'email': 'QzqgJRboorIzKjKp@4linux.com', 'sexo': '?', 'nome': 'EguHnoFTrUAuUUoery', 'endereco': 'Rua LgktJSYDjo'}, {'idade': 25, 'email': 'CZBArUyyMa@4linux.com', 'sexo': 'F', 'nome': 'zDjQIfYyTwtzetXMJvDs', 'endereco': 'Rua DEPwqBeLgyylX'}, {'idade': 47, 'email': 'MakWfrgesmuBb@4linux.com', 'sexo': 'F', 'nome': 'FDLtOesbqzdqzGe', 'endereco': 'Rua qVLKGbVYOPRNTdrRYA'}, {'idade': 20, 'email': 'MUvdkHayaYULCTkSDH@4linux.com', 'sexo': 'F', 'nome': 'xrffFndgNldHhb', 'endereco': 'Rua ZwkeJCYdeZgEcX'}, {'idade': 50, 'email': 'ggQNSQvIOmDqZj@4linux.com', 'sexo': 'M', 'nome': 'RyfOocoNhyuEDSN', 'endereco': 'Rua kvvnDojQEMsHMXzc'}, {'idade': 31, 'email': 'ClNJyJMhNfmTvyQxxYvQ@4linux.com', 'sexo': '?', 'nome': 'GAXCbICkOjzNZxU', 'endereco': 'Rua yIParNvhlayIcGup'}, {'idade': 29, 'email': 'EwTJHbRTCrfYF@4linux.com', 'sexo': 'F', 'nome': 'wvaTNhfqPOlnt', 'endereco': 'Rua bGCVdBFXSzcVBeLvKYUZ'}, {'idade': 27, 'email': 'AwDWEkwtZcGgaHlsaW@4linux.com', 'sexo': 'M', 'nome': 'qhDBAYlbwaSMar', 'endereco': 'Rua hVYSkEHTmaBIJG'}, {'idade': 44, 'email': 'wrzgKwORTAnliywEq@4linux.com', 'sexo': 'M', 'nome': 'fAZzfzvEySnSei', 'endereco': 'Rua cSdMqmMvebnTd'}, {'idade': 47, 'email': 'akKkICosKJbUdVcLTCnQ@4linux.com', 'sexo': 'F', 'nome': 'HJBLhUuMHeAogrtbeq', 'endereco': 'Rua IhyoOwKTUCQlBvDuVVYS'}, {'idade': 35, 'email': 'wrCGKAsQRlWLKUSH@4linux.com', 'sexo': '?', 'nome': 'vEeSluRuOmIJTFrgNA', 'endereco': 'Rua ZRfcRxPsJPO'}, {'idade': 23, 'email': 'fnndYbeFLPmhB@4linux.com', 'sexo': '?', 'nome': 'OyehQbxCsnSGPBLcviBs', 'endereco': 'Rua cnquXCCUji'}, {'idade': 30, 'email': 'brPbOrQBWfIBikDA@4linux.com', 'sexo': 'M', 'nome': 'JDZdCgzulyGWW', 'endereco': 'Rua HgtuwqKeMin'}, {'idade': 36, 'email': 'qolygpBXCKEeur@4linux.com', 'sexo': '?', 'nome': 'MoinSGxEySEgrb', 'endereco': 'Rua xoVGMdTrFKHboQRzFd'}, {'idade': 49, 'email': 'doKMuRYdKwolzgkq@4linux.com', 'sexo': 'M', 'nome': 'XStrcVVPyieJJznYZ', 'endereco': 'Rua jeTpYoJAHnSeWAUWG'}, {'idade': 30, 'email': 'WpRAukMAAygh@4linux.com', 'sexo': '?', 'nome': 'uWVZbFSfdE', 'endereco': 'Rua QQvsljaHXnhqjHlg'}, {'idade': 43, 'email': 'SCUVGmVBRpREfAMIleo@4linux.com', 'sexo': '?', 'nome': 'jgVjBVFVVKui', 'endereco': 'Rua ioMd ZJPBgdMUzWsDg'}]
[{'idade': 49, 'email': 'yMEpqGsegWXw@4linux.com', 'sexo': '?', 'nome': 'qMHHOwoAaYECgB', 'endereco': 'Rua NIbCtFYJpZtRJg'}, {'idade': 23, 'email': 'mBZWAcaUDCVioOQEdIu@4linux.com', 'sexo': '?', 'nome': 'GJBxVjGYtVEqmRasx', 'endereco': 'Rua VFJGPBuNRnz'}, {'idade': 39, 'email': 'BEjDyrdxPJoniHIDFgZ@4linux.com', 'sexo': '?', 'nome': 'TFeiNzjMuAfyYHksx', 'endereco': 'Rua AEhMBiFAuGgSAiuIyx'}, {'idade': 37, 'email': 'QzqgJRboorIzKjKp@4linux.com', 'sexo': '?', 'nome': 'EguHnoFTrUAuUUoery', 'endereco': 'Rua LgktJSYDjo'}, {'idade': 25, 'email': 'CZBArUyyMa@4linux.com', 'sexo': 'F', 'nome': 'zDjQIfYyTwtzetXMJvDs', 'endereco': 'Rua DEPwqBeLgyylX'}, {'idade': 47, 'email': 'MakWfrgesmuBb@4linux.com', 'sexo': 'F', 'nome': 'FDLtOesbqzdqzGe', 'endereco': 'Rua qVLKGbVYOPRNTdrRYA'}, {'idade': 20, 'email': 'MUvdkHayaYULCTkSDH@4linux.com', 'sexo': 'F', 'nome': 'xrffFndgNldHhb', 'endereco': 'Rua ZwkeJCYdeZgEcX'}, {'idade': 50, 'email': 'ggQNSQvIOmDqZj@4linux.com', 'sexo': 'M', 'nome': 'RyfOocoNhyuEDSN', 'endereco': 'Rua kvvnDojQEMsHMXzc'}, {'idade': 31, 'email': 'ClNJyJMhNfmTvyQxxYvQ@4linux.com', 'sexo': '?', 'nome': 'GAXCbICkOjzNZxU', 'endereco': 'Rua yIParNvhlayIcGup'}, {'idade': 29, 'email': 'EwTJHbRTCrfYF@4linux.com', 'sexo': 'F', 'nome': 'wvaTNhfqPOlnt', 'endereco': 'Rua bGCVdBFXSzcVBeLvKYUZ'}, {'idade': 27, 'email': 'AwDWEkwtZcGgaHlsaW@4linux.com', 'sexo': 'M', 'nome': 'qhDBAYlbwaSMar', 'endereco': 'Rua hVYSkEHTmaBIJG'}, {'idade': 44, 'email': 'wrzgKwORTAnliywEq@4linux.com', 'sexo': 'M', 'nome': 'fAZzfzvEySnSei', 'endereco': 'Rua cSdMqmMvebnTd'}, {'idade': 47, 'email': 'akKkICosKJbUdVcLTCnQ@4linux.com', 'sexo': 'F', 'nome': 'HJBLhUuMHeAogrtbeq', 'endereco': 'Rua IhyoOwKTUCQlBvDuVVYS'}, {'idade': 35, 'email': 'wrCGKAsQRlWLKUSH@4linux.com', 'sexo': '?', 'nome': 'vEeSluRuOmIJTFrgNA', 'endereco': 'Rua ZRfcRxPsJPO'}, {'idade': 23, 'email': 'fnndYbeFLPmhB@4linux.com', 'sexo': '?', 'nome': 'OyehQbxCsnSGPBLcviBs', 'endereco': 'Rua cnquXCCUji'}, {'idade': 30, 'email': 'brPbOrQBWfIBikDA@4linux.com', 'sexo': 'M', 'nome': 'JDZdCgzulyGWW', 'endereco': 'Rua HgtuwqKeMin'}, {'idade': 36, 'email': 'qolygpBXCKEeur@4linux.com', 'sexo': '?', 'nome': 'MoinSGxEySEgrb', 'endereco': 'Rua xoVGMdTrFKHboQRzFd'}, {'idade': 49, 'email': 'doKMuRYdKwolzgkq@4linux.com', 'sexo': 'M', 'nome': 'XStrcVVPyieJJznYZ', 'endereco': 'Rua jeTpYoJAHnSeWAUWG'}, {'idade': 30, 'email': 'WpRAukMAAygh@4linux.com', 'sexo': '?', 'nome': 'uWVZbFSfdE', 'endereco': 'Rua QQvsljaHXnhqjHlg'}, {'idade': 43, 'email': 'SCUVGmVBRpREfAMIleo@4linux.com', 'sexo': '?', 'nome': 'jgVjBVFVVKui', 'endereco': 'Rua ioMd ZJPBgdMUzWsDg'}]
[{'idade': 49, 'email': 'yMEpqGsegWXw@4linux.com', 'sexo': '?', 'nome': 'qMHHOwoAaYECgB', 'endereco': 'Rua NIbCtFYJpZtRJg'}, {'idade': 23, 'email': 'mBZWAcaUDCVioOQEdIu@4linux.com', 'sexo': '?', 'nome': 'GJBxVjGYtVEqmRasx', 'endereco': 'Rua VFJGPBuNRnz'}, {'idade': 39, 'email': 'BEjDyrdxPJoniHIDFgZ@4linux.com', 'sexo': '?', 'nome': 'TFeiNzjMuAfyYHksx', 'endereco': 'Rua AEhMBiFAuGgSAiuIyx'}, {'idade': 37, 'email': 'QzqgJRboorIzKjKp@4linux.com', 'sexo': '?', 'nome': 'EguHnoFTrUAuUUoery', 'endereco': 'Rua LgktJSYDjo'}, {'idade': 25, 'email': 'CZBArUyyMa@4linux.com', 'sexo': 'F', 'nome': 'zDjQIfYyTwtzetXMJvDs', 'endereco': 'Rua DEPwqBeLgyylX'}, {'idade': 47, 'email': 'MakWfrgesmuBb@4linux.com', 'sexo': 'F', 'nome': 'FDLtOesbqzdqzGe', 'endereco': 'Rua qVLKGbVYOPRNTdrRYA'}, {'idade': 20, 'email': 'MUvdkHayaYULCTkSDH@4linux.com', 'sexo': 'F', 'nome': 'xrffFndgNldHhb', 'endereco': 'Rua ZwkeJCYdeZgEcX'}, {'idade': 50, 'email': 'ggQNSQvIOmDqZj@4linux.com', 'sexo': 'M', 'nome': 'RyfOocoNhyuEDSN', 'endereco': 'Rua kvvnDojQEMsHMXzc'}, {'idade': 31, 'email': 'ClNJyJMhNfmTvyQxxYvQ@4linux.com', 'sexo': '?', 'nome': 'GAXCbICkOjzNZxU', 'endereco': 'Rua yIParNvhlayIcGup'}, {'idade': 29, 'email': 'EwTJHbRTCrfYF@4linux.com', 'sexo': 'F', 'nome': 'wvaTNhfqPOlnt', 'endereco': 'Rua bGCVdBFXSzcVBeLvKYUZ'}, {'idade': 27, 'email': 'AwDWEkwtZcGgaHlsaW@4linux.com', 'sexo': 'M', 'nome': 'qhDBAYlbwaSMar', 'endereco': 'Rua hVYSkEHTmaBIJG'}, {'idade': 44, 'email': 'wrzgKwORTAnliywEq@4linux.com', 'sexo': 'M', 'nome': 'fAZzfzvEySnSei', 'endereco': 'Rua cSdMqmMvebnTd'}, {'idade': 47, 'email': 'akKkICosKJbUdVcLTCnQ@4linux.com', 'sexo': 'F', 'nome': 'HJBLhUuMHeAogrtbeq', 'endereco': 'Rua IhyoOwKTUCQlBvDuVVYS'}, {'idade': 35, 'email': 'wrCGKAsQRlWLKUSH@4linux.com', 'sexo': '?', 'nome': 'vEeSluRuOmIJTFrgNA', 'endereco': 'Rua ZRfcRxPsJPO'}, {'idade': 23, 'email': 'fnndYbeFLPmhB@4linux.com', 'sexo': '?', 'nome': 'OyehQbxCsnSGPBLcviBs', 'endereco': 'Rua cnquXCCUji'}, {'idade': 30, 'email': 'brPbOrQBWfIBikDA@4linux.com', 'sexo': 'M', 'nome': 'JDZdCgzulyGWW', 'endereco': 'Rua HgtuwqKeMin'}, {'idade': 36, 'email': 'qolygpBXCKEeur@4linux.com', 'sexo': '?', 'nome': 'MoinSGxEySEgrb', 'endereco': 'Rua xoVGMdTrFKHboQRzFd'}, {'idade': 49, 'email': 'doKMuRYdKwolzgkq@4linux.com', 'sexo': 'M', 'nome': 'XStrcVVPyieJJznYZ', 'endereco': 'Rua jeTpYoJAHnSeWAUWG'}, {'idade': 30, 'email': 'WpRAukMAAygh@4linux.com', 'sexo': '?', 'nome': 'uWVZbFSfdE', 'endereco': 'Rua QQvsljaHXnhqjHlg'}, {'idade': 43, 'email': 'SCUVGmVBRpREfAMIleo@4linux.com', 'sexo': '?', 'nome': 'jgVjBVFVVKui', 'endereco': 'Rua ioMd ZJPBgdMUzWsDg'}]
[{'idade': 49, 'email': 'yMEpqGsegWXw@4linux.com', 'sexo': '?', 'nome': 'qMHHOwoAaYECgB', 'endereco': 'Rua NIbCtFYJpZtRJg'}, {'idade': 23, 'email': 'mBZWAcaUDCVioOQEdIu@4linux.com', 'sexo': '?', 'nome': 'GJBxVjGYtVEqmRasx', 'endereco': 'Rua VFJGPBuNRnz'}, {'idade': 39, 'email': 'BEjDyrdxPJoniHIDFgZ@4linux.com', 'sexo': '?', 'nome': 'TFeiNzjMuAfyYHksx', 'endereco': 'Rua AEhMBiFAuGgSAiuIyx'}, {'idade': 37, 'email': 'QzqgJRboorIzKjKp@4linux.com', 'sexo': '?', 'nome': 'EguHnoFTrUAuUUoery', 'endereco': 'Rua LgktJSYDjo'}, {'idade': 25, 'email': 'CZBArUyyMa@4linux.com', 'sexo': 'F', 'nome': 'zDjQIfYyTwtzetXMJvDs', 'endereco': 'Rua DEPwqBeLgyylX'}, {'idade': 47, 'email': 'MakWfrgesmuBb@4linux.com', 'sexo': 'F', 'nome': 'FDLtOesbqzdqzGe', 'endereco': 'Rua qVLKGbVYOPRNTdrRYA'}, {'idade': 20, 'email': 'MUvdkHayaYULCTkSDH@4linux.com', 'sexo': 'F', 'nome': 'xrffFndgNldHhb', 'endereco': 'Rua ZwkeJCYdeZgEcX'}, {'idade': 50, 'email': 'ggQNSQvIOmDqZj@4linux.com', 'sexo': 'M', 'nome': 'RyfOocoNhyuEDSN', 'endereco': 'Rua kvvnDojQEMsHMXzc'}, {'idade': 31, 'email': 'ClNJyJMhNfmTvyQxxYvQ@4linux.com', 'sexo': '?', 'nome': 'GAXCbICkOjzNZxU', 'endereco': 'Rua yIParNvhlayIcGup'}, {'idade': 29, 'email': 'EwTJHbRTCrfYF@4linux.com', 'sexo': 'F', 'nome': 'wvaTNhfqPOlnt', 'endereco': 'Rua bGCVdBFXSzcVBeLvKYUZ'}, {'idade': 27, 'email': 'AwDWEkwtZcGgaHlsaW@4linux.com', 'sexo': 'M', 'nome': 'qhDBAYlbwaSMar', 'endereco': 'Rua hVYSkEHTmaBIJG'}, {'idade': 44, 'email': 'wrzgKwORTAnliywEq@4linux.com', 'sexo': 'M', 'nome': 'fAZzfzvEySnSei', 'endereco': 'Rua cSdMqmMvebnTd'}, {'idade': 47, 'email': 'akKkICosKJbUdVcLTCnQ@4linux.com', 'sexo': 'F', 'nome': 'HJBLhUuMHeAogrtbeq', 'endereco': 'Rua IhyoOwKTUCQlBvDuVVYS'}, {'idade': 35, 'email': 'wrCGKAsQRlWLKUSH@4linux.com', 'sexo': '?', 'nome': 'vEeSluRuOmIJTFrgNA', 'endereco': 'Rua ZRfcRxPsJPO'}, {'idade': 23, 'email': 'fnndYbeFLPmhB@4linux.com', 'sexo': '?', 'nome': 'OyehQbxCsnSGPBLcviBs', 'endereco': 'Rua cnquXCCUji'}, {'idade': 30, 'email': 'brPbOrQBWfIBikDA@4linux.com', 'sexo': 'M', 'nome': 'JDZdCgzulyGWW', 'endereco': 'Rua HgtuwqKeMin'}, {'idade': 36, 'email': 'qolygpBXCKEeur@4linux.com', 'sexo': '?', 'nome': 'MoinSGxEySEgrb', 'endereco': 'Rua xoVGMdTrFKHboQRzFd'}, {'idade': 49, 'email': 'doKMuRYdKwolzgkq@4linux.com', 'sexo': 'M', 'nome': 'XStrcVVPyieJJznYZ', 'endereco': 'Rua jeTpYoJAHnSeWAUWG'}, {'idade': 30, 'email': 'WpRAukMAAygh@4linux.com', 'sexo': '?', 'nome': 'uWVZbFSfdE', 'endereco': 'Rua QQvsljaHXnhqjHlg'}, {'idade': 43, 'email': 'SCUVGmVBRpREfAMIleo@4linux.com', 'sexo': '?', 'nome': 'jgVjBVFVVKui', 'endereco': 'Rua ioMd ZJPBgdMUzWsDg'}]
[{'idade': 49, 'email': 'yMEpqGsegWXw@4linux.com', 'sexo': '?', 'nome': 'qMHHOwoAaYECgB', 'endereco': 'Rua NIbCtFYJpZtRJg'}, {'idade': 23, 'email': 'mBZWAcaUDCVioOQEdIu@4linux.com', 'sexo': '?', 'nome': 'GJBxVjGYtVEqmRasx', 'endereco': 'Rua VFJGPBuNRnz'}, {'idade': 39, 'email': 'BEjDyrdxPJoniHIDFgZ@4linux.com', 'sexo': '?', 'nome': 'TFeiNzjMuAfyYHksx', 'endereco': 'Rua AEhMBiFAuGgSAiuIyx'}, {'idade': 37, 'email': 'QzqgJRboorIzKjKp@4linux.com', 'sexo': '?', 'nome': 'EguHnoFTrUAuUUoery', 'endereco': 'Rua LgktJSYDjo'}, {'idade': 25, 'email': 'CZBArUyyMa@4linux.com', 'sexo': 'F', 'nome': 'zDjQIfYyTwtzetXMJvDs', 'endereco': 'Rua DEPwqBeLgyylX'}, {'idade': 47, 'email': 'MakWfrgesmuBb@4linux.com', 'sexo': 'F', 'nome': 'FDLtOesbqzdqzGe', 'endereco': 'Rua qVLKGbVYOPRNTdrRYA'}, {'idade': 20, 'email': 'MUvdkHayaYULCTkSDH@4linux.com', 'sexo': 'F', 'nome': 'xrffFndgNldHhb', 'endereco': 'Rua ZwkeJCYdeZgEcX'}, {'idade': 50, 'email': 'ggQNSQvIOmDqZj@4linux.com', 'sexo': 'M', 'nome': 'RyfOocoNhyuEDSN', 'endereco': 'Rua kvvnDojQEMsHMXzc'}, {'idade': 31, 'email': 'ClNJyJMhNfmTvyQxxYvQ@4linux.com', 'sexo': '?', 'nome': 'GAXCbICkOjzNZxU', 'endereco': 'Rua yIParNvhlayIcGup'}, {'idade': 29, 'email': 'EwTJHbRTCrfYF@4linux.com', 'sexo': 'F', 'nome': 'wvaTNhfqPOlnt', 'endereco': 'Rua bGCVdBFXSzcVBeLvKYUZ'}, {'idade': 27, 'email': 'AwDWEkwtZcGgaHlsaW@4linux.com', 'sexo': 'M', 'nome': 'qhDBAYlbwaSMar', 'endereco': 'Rua hVYSkEHTmaBIJG'}, {'idade': 44, 'email': 'wrzgKwORTAnliywEq@4linux.com', 'sexo': 'M', 'nome': 'fAZzfzvEySnSei', 'endereco': 'Rua cSdMqmMvebnTd'}, {'idade': 47, 'email': 'akKkICosKJbUdVcLTCnQ@4linux.com', 'sexo': 'F', 'nome': 'HJBLhUuMHeAogrtbeq', 'endereco': 'Rua IhyoOwKTUCQlBvDuVVYS'}, {'idade': 35, 'email': 'wrCGKAsQRlWLKUSH@4linux.com', 'sexo': '?', 'nome': 'vEeSluRuOmIJTFrgNA', 'endereco': 'Rua ZRfcRxPsJPO'}, {'idade': 23, 'email': 'fnndYbeFLPmhB@4linux.com', 'sexo': '?', 'nome': 'OyehQbxCsnSGPBLcviBs', 'endereco': 'Rua cnquXCCUji'}, {'idade': 30, 'email': 'brPbOrQBWfIBikDA@4linux.com', 'sexo': 'M', 'nome': 'JDZdCgzulyGWW', 'endereco': 'Rua HgtuwqKeMin'}, {'idade': 36, 'email': 'qolygpBXCKEeur@4linux.com', 'sexo': '?', 'nome': 'MoinSGxEySEgrb', 'endereco': 'Rua xoVGMdTrFKHboQRzFd'}, {'idade': 49, 'email': 'doKMuRYdKwolzgkq@4linux.com', 'sexo': 'M', 'nome': 'XStrcVVPyieJJznYZ', 'endereco': 'Rua jeTpYoJAHnSeWAUWG'}, {'idade': 30, 'email': 'WpRAukMAAygh@4linux.com', 'sexo': '?', 'nome': 'uWVZbFSfdE', 'endereco': 'Rua QQvsljaHXnhqjHlg'}, {'idade': 43, 'email': 'SCUVGmVBRpREfAMIleo@4linux.com', 'sexo': '?', 'nome': 'jgVjBVFVVKui', 'endereco': 'Rua ioMd ZJPBgdMUzWsDg'}]
[{'idade': 49, 'email': 'yMEpqGsegWXw@4linux.com', 'sexo': '?', 'nome': 'qMHHOwoAaYECgB', 'endereco': 'Rua NIbCtFYJpZtRJg'}, {'idade': 23, 'email': 'mBZWAcaUDCVioOQEdIu@4linux.com', 'sexo': '?', 'nome': 'GJBxVjGYtVEqmRasx', 'endereco': 'Rua VFJGPBuNRnz'}, {'idade': 39, 'email': 'BEjDyrdxPJoniHIDFgZ@4linux.com', 'sexo': '?', 'nome': 'TFeiNzjMuAfyYHksx', 'endereco': 'Rua AEhMBiFAuGgSAiuIyx'}, {'idade': 37, 'email': 'QzqgJRboorIzKjKp@4linux.com', 'sexo': '?', 'nome': 'EguHnoFTrUAuUUoery', 'endereco': 'Rua LgktJSYDjo'}, {'idade': 25, 'email': 'CZBArUyyMa@4linux.com', 'sexo': 'F', 'nome': 'zDjQIfYyTwtzetXMJvDs', 'endereco': 'Rua DEPwqBeLgyylX'}, {'idade': 47, 'email': 'MakWfrgesmuBb@4linux.com', 'sexo': 'F', 'nome': 'FDLtOesbqzdqzGe', 'endereco': 'Rua qVLKGbVYOPRNTdrRYA'}, {'idade': 20, 'email': 'MUvdkHayaYULCTkSDH@4linux.com', 'sexo': 'F', 'nome': 'xrffFndgNldHhb', 'endereco': 'Rua ZwkeJCYdeZgEcX'}, {'idade': 50, 'email': 'ggQNSQvIOmDqZj@4linux.com', 'sexo': 'M', 'nome': 'RyfOocoNhyuEDSN', 'endereco': 'Rua kvvnDojQEMsHMXzc'}, {'idade': 31, 'email': 'ClNJyJMhNfmTvyQxxYvQ@4linux.com', 'sexo': '?', 'nome': 'GAXCbICkOjzNZxU', 'endereco': 'Rua yIParNvhlayIcGup'}, {'idade': 29, 'email': 'EwTJHbRTCrfYF@4linux.com', 'sexo': 'F', 'nome': 'wvaTNhfqPOlnt', 'endereco': 'Rua bGCVdBFXSzcVBeLvKYUZ'}, {'idade': 27, 'email': 'AwDWEkwtZcGgaHlsaW@4linux.com', 'sexo': 'M', 'nome': 'qhDBAYlbwaSMar', 'endereco': 'Rua hVYSkEHTmaBIJG'}, {'idade': 44, 'email': 'wrzgKwORTAnliywEq@4linux.com', 'sexo': 'M', 'nome': 'fAZzfzvEySnSei', 'endereco': 'Rua cSdMqmMvebnTd'}, {'idade': 47, 'email': 'akKkICosKJbUdVcLTCnQ@4linux.com', 'sexo': 'F', 'nome': 'HJBLhUuMHeAogrtbeq', 'endereco': 'Rua IhyoOwKTUCQlBvDuVVYS'}, {'idade': 35, 'email': 'wrCGKAsQRlWLKUSH@4linux.com', 'sexo': '?', 'nome': 'vEeSluRuOmIJTFrgNA', 'endereco': 'Rua ZRfcRxPsJPO'}, {'idade': 23, 'email': 'fnndYbeFLPmhB@4linux.com', 'sexo': '?', 'nome': 'OyehQbxCsnSGPBLcviBs', 'endereco': 'Rua cnquXCCUji'}, {'idade': 30, 'email': 'brPbOrQBWfIBikDA@4linux.com', 'sexo': 'M', 'nome': 'JDZdCgzulyGWW', 'endereco': 'Rua HgtuwqKeMin'}, {'idade': 36, 'email': 'qolygpBXCKEeur@4linux.com', 'sexo': '?', 'nome': 'MoinSGxEySEgrb', 'endereco': 'Rua xoVGMdTrFKHboQRzFd'}, {'idade': 49, 'email': 'doKMuRYdKwolzgkq@4linux.com', 'sexo': 'M', 'nome': 'XStrcVVPyieJJznYZ', 'endereco': 'Rua jeTpYoJAHnSeWAUWG'}, {'idade': 30, 'email': 'WpRAukMAAygh@4linux.com', 'sexo': '?', 'nome': 'uWVZbFSfdE', 'endereco': 'Rua QQvsljaHXnhqjHlg'}, {'idade': 43, 'email': 'SCUVGmVBRpREfAMIleo@4linux.com', 'sexo': '?', 'nome': 'jgVjBVFVVKui', 'endereco': 'Rua ioMd ZJPBgdMUzWsDg'}]
[{'idade': 49, 'email': 'yMEpqGsegWXw@4linux.com', 'sexo': '?', 'nome': 'qMHHOwoAaYECgB', 'endereco': 'Rua NIbCtFYJpZtRJg'}, {'idade': 23, 'email': 'mBZWAcaUDCVioOQEdIu@4linux.com', 'sexo': '?', 'nome': 'GJBxVjGYtVEqmRasx', 'endereco': 'Rua VFJGPBuNRnz'}, {'idade': 39, 'email': 'BEjDyrdxPJoniHIDFgZ@4linux.com', 'sexo': '?', 'nome': 'TFeiNzjMuAfyYHksx', 'endereco': 'Rua AEhMBiFAuGgSAiuIyx'}, {'idade': 37, 'email': 'QzqgJRboorIzKjKp@4linux.com', 'sexo': '?', 'nome': 'EguHnoFTrUAuUUoery', 'endereco': 'Rua LgktJSYDjo'}, {'idade': 25, 'email': 'CZBArUyyMa@4linux.com', 'sexo': 'F', 'nome': 'zDjQIfYyTwtzetXMJvDs', 'endereco': 'Rua DEPwqBeLgyylX'}, {'idade': 47, 'email': 'MakWfrgesmuBb@4linux.com', 'sexo': 'F', 'nome': 'FDLtOesbqzdqzGe', 'endereco': 'Rua qVLKGbVYOPRNTdrRYA'}, {'idade': 20, 'email': 'MUvdkHayaYULCTkSDH@4linux.com', 'sexo': 'F', 'nome': 'xrffFndgNldHhb', 'endereco': 'Rua ZwkeJCYdeZgEcX'}, {'idade': 50, 'email': 'ggQNSQvIOmDqZj@4linux.com', 'sexo': 'M', 'nome': 'RyfOocoNhyuEDSN', 'endereco': 'Rua kvvnDojQEMsHMXzc'}, {'idade': 31, 'email': 'ClNJyJMhNfmTvyQxxYvQ@4linux.com', 'sexo': '?', 'nome': 'GAXCbICkOjzNZxU', 'endereco': 'Rua yIParNvhlayIcGup'}, {'idade': 29, 'email': 'EwTJHbRTCrfYF@4linux.com', 'sexo': 'F', 'nome': 'wvaTNhfqPOlnt', 'endereco': 'Rua bGCVdBFXSzcVBeLvKYUZ'}, {'idade': 27, 'email': 'AwDWEkwtZcGgaHlsaW@4linux.com', 'sexo': 'M', 'nome': 'qhDBAYlbwaSMar', 'endereco': 'Rua hVYSkEHTmaBIJG'}, {'idade': 44, 'email': 'wrzgKwORTAnliywEq@4linux.com', 'sexo': 'M', 'nome': 'fAZzfzvEySnSei', 'endereco': 'Rua cSdMqmMvebnTd'}, {'idade': 47, 'email': 'akKkICosKJbUdVcLTCnQ@4linux.com', 'sexo': 'F', 'nome': 'HJBLhUuMHeAogrtbeq', 'endereco': 'Rua IhyoOwKTUCQlBvDuVVYS'}, {'idade': 35, 'email': 'wrCGKAsQRlWLKUSH@4linux.com', 'sexo': '?', 'nome': 'vEeSluRuOmIJTFrgNA', 'endereco': 'Rua ZRfcRxPsJPO'}, {'idade': 23, 'email': 'fnndYbeFLPmhB@4linux.com', 'sexo': '?', 'nome': 'OyehQbxCsnSGPBLcviBs', 'endereco': 'Rua cnquXCCUji'}, {'idade': 30, 'email': 'brPbOrQBWfIBikDA@4linux.com', 'sexo': 'M', 'nome': 'JDZdCgzulyGWW', 'endereco': 'Rua HgtuwqKeMin'}, {'idade': 36, 'email': 'qolygpBXCKEeur@4linux.com', 'sexo': '?', 'nome': 'MoinSGxEySEgrb', 'endereco': 'Rua xoVGMdTrFKHboQRzFd'}, {'idade': 49, 'email': 'doKMuRYdKwolzgkq@4linux.com', 'sexo': 'M', 'nome': 'XStrcVVPyieJJznYZ', 'endereco': 'Rua jeTpYoJAHnSeWAUWG'}, {'idade': 30, 'email': 'WpRAukMAAygh@4linux.com', 'sexo': '?', 'nome': 'uWVZbFSfdE', 'endereco': 'Rua QQvsljaHXnhqjHlg'}, {'idade': 43, 'email': 'SCUVGmVBRpREfAMIleo@4linux.com', 'sexo': '?', 'nome': 'jgVjBVFVVKui', 'endereco': 'Rua ioMd ZJPBgdMUzWsDg'}]
[{'idade': 49, 'email': 'yMEpqGsegWXw@4linux.com', 'sexo': '?', 'nome': 'qMHHOwoAaYECgB', 'endereco': 'Rua NIbCtFYJpZtRJg'}, {'idade': 23, 'email': 'mBZWAcaUDCVioOQEdIu@4linux.com', 'sexo': '?', 'nome': 'GJBxVjGYtVEqmRasx', 'endereco': 'Rua VFJGPBuNRnz'}, {'idade': 39, 'email': 'BEjDyrdxPJoniHIDFgZ@4linux.com', 'sexo': '?', 'nome': 'TFeiNzjMuAfyYHksx', 'endereco': 'Rua AEhMBiFAuGgSAiuIyx'}, {'idade': 37, 'email': 'QzqgJRboorIzKjKp@4linux.com', 'sexo': '?', 'nome': 'EguHnoFTrUAuUUoery', 'endereco': 'Rua LgktJSYDjo'}, {'idade': 25, 'email': 'CZBArUyyMa@4linux.com', 'sexo': 'F', 'nome': 'zDjQIfYyTwtzetXMJvDs', 'endereco': 'Rua DEPwqBeLgyylX'}, {'idade': 47, 'email': 'MakWfrgesmuBb@4linux.com', 'sexo': 'F', 'nome': 'FDLtOesbqzdqzGe', 'endereco': 'Rua qVLKGbVYOPRNTdrRYA'}, {'idade': 20, 'email': 'MUvdkHayaYULCTkSDH@4linux.com', 'sexo': 'F', 'nome': 'xrffFndgNldHhb', 'endereco': 'Rua ZwkeJCYdeZgEcX'}, {'idade': 50, 'email': 'ggQNSQvIOmDqZj@4linux.com', 'sexo': 'M', 'nome': 'RyfOocoNhyuEDSN', 'endereco': 'Rua kvvnDojQEMsHMXzc'}, {'idade': 31, 'email': 'ClNJyJMhNfmTvyQxxYvQ@4linux.com', 'sexo': '?', 'nome': 'GAXCbICkOjzNZxU', 'endereco': 'Rua yIParNvhlayIcGup'}, {'idade': 29, 'email': 'EwTJHbRTCrfYF@4linux.com', 'sexo': 'F', 'nome': 'wvaTNhfqPOlnt', 'endereco': 'Rua bGCVdBFXSzcVBeLvKYUZ'}, {'idade': 27, 'email': 'AwDWEkwtZcGgaHlsaW@4linux.com', 'sexo': 'M', 'nome': 'qhDBAYlbwaSMar', 'endereco': 'Rua hVYSkEHTmaBIJG'}, {'idade': 44, 'email': 'wrzgKwORTAnliywEq@4linux.com', 'sexo': 'M', 'nome': 'fAZzfzvEySnSei', 'endereco': 'Rua cSdMqmMvebnTd'}, {'idade': 47, 'email': 'akKkICosKJbUdVcLTCnQ@4linux.com', 'sexo': 'F', 'nome': 'HJBLhUuMHeAogrtbeq', 'endereco': 'Rua IhyoOwKTUCQlBvDuVVYS'}, {'idade': 35, 'email': 'wrCGKAsQRlWLKUSH@4linux.com', 'sexo': '?', 'nome': 'vEeSluRuOmIJTFrgNA', 'endereco': 'Rua ZRfcRxPsJPO'}, {'idade': 23, 'email': 'fnndYbeFLPmhB@4linux.com', 'sexo': '?', 'nome': 'OyehQbxCsnSGPBLcviBs', 'endereco': 'Rua cnquXCCUji'}, {'idade': 30, 'email': 'brPbOrQBWfIBikDA@4linux.com', 'sexo': 'M', 'nome': 'JDZdCgzulyGWW', 'endereco': 'Rua HgtuwqKeMin'}, {'idade': 36, 'email': 'qolygpBXCKEeur@4linux.com', 'sexo': '?', 'nome': 'MoinSGxEySEgrb', 'endereco': 'Rua xoVGMdTrFKHboQRzFd'}, {'idade': 49, 'email': 'doKMuRYdKwolzgkq@4linux.com', 'sexo': 'M', 'nome': 'XStrcVVPyieJJznYZ', 'endereco': 'Rua jeTpYoJAHnSeWAUWG'}, {'idade': 30, 'email': 'WpRAukMAAygh@4linux.com', 'sexo': '?', 'nome': 'uWVZbFSfdE', 'endereco': 'Rua QQvsljaHXnhqjHlg'}, {'idade': 43, 'email': 'SCUVGmVBRpREfAMIleo@4linux.com', 'sexo': '?', 'nome': 'jgVjBVFVVKui', 'endereco': 'Rua ioMd ZJPBgdMUzWsDg'}]
[{'idade': 49, 'email': 'yMEpqGsegWXw@4linux.com', 'sexo': '?', 'nome': 'qMHHOwoAaYECgB', 'endereco': 'Rua NIbCtFYJpZtRJg'}, {'idade': 23, 'email': 'mBZWAcaUDCVioOQEdIu@4linux.com', 'sexo': '?', 'nome': 'GJBxVjGYtVEqmRasx', 'endereco': 'Rua VFJGPBuNRnz'}, {'idade': 39, 'email': 'BEjDyrdxPJoniHIDFgZ@4linux.com', 'sexo': '?', 'nome': 'TFeiNzjMuAfyYHksx', 'endereco': 'Rua AEhMBiFAuGgSAiuIyx'}, {'idade': 37, 'email': 'QzqgJRboorIzKjKp@4linux.com', 'sexo': '?', 'nome': 'EguHnoFTrUAuUUoery', 'endereco': 'Rua LgktJSYDjo'}, {'idade': 25, 'email': 'CZBArUyyMa@4linux.com', 'sexo': 'F', 'nome': 'zDjQIfYyTwtzetXMJvDs', 'endereco': 'Rua DEPwqBeLgyylX'}, {'idade': 47, 'email': 'MakWfrgesmuBb@4linux.com', 'sexo': 'F', 'nome': 'FDLtOesbqzdqzGe', 'endereco': 'Rua qVLKGbVYOPRNTdrRYA'}, {'idade': 20, 'email': 'MUvdkHayaYULCTkSDH@4linux.com', 'sexo': 'F', 'nome': 'xrffFndgNldHhb', 'endereco': 'Rua ZwkeJCYdeZgEcX'}, {'idade': 50, 'email': 'ggQNSQvIOmDqZj@4linux.com', 'sexo': 'M', 'nome': 'RyfOocoNhyuEDSN', 'endereco': 'Rua kvvnDojQEMsHMXzc'}, {'idade': 31, 'email': 'ClNJyJMhNfmTvyQxxYvQ@4linux.com', 'sexo': '?', 'nome': 'GAXCbICkOjzNZxU', 'endereco': 'Rua yIParNvhlayIcGup'}, {'idade': 29, 'email': 'EwTJHbRTCrfYF@4linux.com', 'sexo': 'F', 'nome': 'wvaTNhfqPOlnt', 'endereco': 'Rua bGCVdBFXSzcVBeLvKYUZ'}, {'idade': 27, 'email': 'AwDWEkwtZcGgaHlsaW@4linux.com', 'sexo': 'M', 'nome': 'qhDBAYlbwaSMar', 'endereco': 'Rua hVYSkEHTmaBIJG'}, {'idade': 44, 'email': 'wrzgKwORTAnliywEq@4linux.com', 'sexo': 'M', 'nome': 'fAZzfzvEySnSei', 'endereco': 'Rua cSdMqmMvebnTd'}, {'idade': 47, 'email': 'akKkICosKJbUdVcLTCnQ@4linux.com', 'sexo': 'F', 'nome': 'HJBLhUuMHeAogrtbeq', 'endereco': 'Rua IhyoOwKTUCQlBvDuVVYS'}, {'idade': 35, 'email': 'wrCGKAsQRlWLKUSH@4linux.com', 'sexo': '?', 'nome': 'vEeSluRuOmIJTFrgNA', 'endereco': 'Rua ZRfcRxPsJPO'}, {'idade': 23, 'email': 'fnndYbeFLPmhB@4linux.com', 'sexo': '?', 'nome': 'OyehQbxCsnSGPBLcviBs', 'endereco': 'Rua cnquXCCUji'}, {'idade': 30, 'email': 'brPbOrQBWfIBikDA@4linux.com', 'sexo': 'M', 'nome': 'JDZdCgzulyGWW', 'endereco': 'Rua HgtuwqKeMin'}, {'idade': 36, 'email': 'qolygpBXCKEeur@4linux.com', 'sexo': '?', 'nome': 'MoinSGxEySEgrb', 'endereco': 'Rua xoVGMdTrFKHboQRzFd'}, {'idade': 49, 'email': 'doKMuRYdKwolzgkq@4linux.com', 'sexo': 'M', 'nome': 'XStrcVVPyieJJznYZ', 'endereco': 'Rua jeTpYoJAHnSeWAUWG'}, {'idade': 30, 'email': 'WpRAukMAAygh@4linux.com', 'sexo': '?', 'nome': 'uWVZbFSfdE', 'endereco': 'Rua QQvsljaHXnhqjHlg'}, {'idade': 43, 'email': 'SCUVGmVBRpREfAMIleo@4linux.com', 'sexo': '?', 'nome': 'jgVjBVFVVKui', 'endereco': 'Rua ioMd ZJPBgdMUzWsDg'}]
NOME;IDADE;ENDERECO;SEXO;EMAIL;
qMHHOwoAaYECgB;49;Rua NIbCtFYJpZtRJg;?;yMEpqGsegWXw@4linux.com;
GJBxVjGYtVEqmRasx;23;Rua VFJGPBuNRnz;?;mBZWAcaUDCVioOQEdIu@4linux.com;
TFeiNzjMuAfyYHksx;39;Rua AEhMBiFAuGgSAiuIyx;?;BEjDyrdxPJoniHIDFgZ@4linux.com;
EguHnoFTrUAuUUoery;37;Rua LgktJSYDjo;?;QzqgJRboorIzKjKp@4linux.com;
zDjQIfYyTwtzetXMJvDs;25;Rua DEPwqBeLgyylX;F;CZBArUyyMa@4linux.com;
FDLtOesbqzdqzGe;47;Rua qVLKGbVYOPRNTdrRYA;F;MakWfrgesmuBb@4linux.com;
xrffFndgNldHhb;20;Rua ZwkeJCYdeZgEcX;F;MUvdkHayaYULCTkSDH@4linux.com;
RyfOocoNhyuEDSN;50;Rua kvvnDojQEMsHMXzc;M;ggQNSQvIOmDqZj@4linux.com;
GAXCbICkOjzNZxU;31;Rua yIParNvhlayIcGup;?;ClNJyJMhNfmTvyQxxYvQ@4linux.com;
wvaTNhfqPOlnt;29;Rua bGCVdBFXSzcVBeLvKYUZ;F;EwTJHbRTCrfYF@4linux.com;
qhDBAYlbwaSMar;27;Rua hVYSkEHTmaBIJG;M;AwDWEkwtZcGgaHlsaW@4linux.com;
fAZzfzvEySnSei;44;Rua cSdMqmMvebnTd;M;wrzgKwORTAnliywEq@4linux.com;
HJBLhUuMHeAogrtbeq;47;Rua IhyoOwKTUCQlBvDuVVYS;F;akKkICosKJbUdVcLTCnQ@4linux.com;
vEeSluRuOmIJTFrgNA;35;Rua ZRfcRxPsJPO;?;wrCGKAsQRlWLKUSH@4linux.com;
OyehQbxCsnSGPBLcviBs;23;Rua cnquXCCUji;?;fnndYbeFLPmhB@4linux.com;
JDZdCgzulyGWW;30;Rua HgtuwqKeMin;M;brPbOrQBWfIBikDA@4linux.com;
MoinSGxEySEgrb;36;Rua xoVGMdTrFKHboQRzFd;?;qolygpBXCKEeur@4linux.com;
XStrcVVPyieJJznYZ;49;Rua jeTpYoJAHnSeWAUWG;M;doKMuRYdKwolzgkq@4linux.com;
uWVZbFSfdE;30;Rua QQvsljaHXnhqjHlg;?;WpRAukMAAygh@4linux.com;
jgVjBVFVVKui;43;Rua ioMd ZJPBgdMUzWsDg;?;SCUVGmVBRpREfAMIleo@4linux.com;
